match_id,utc_date,status,matchday,stage,group,last_updated,area_name,competition_code,competition_name,season_id,season_start,season_end,home_team_id,home_team_name,away_team_id,away_team_name,winner,duration,home_score,away_score,home_score_ht,away_score_ht
540406,2025-08-22T18:30:00Z,FINISHED,1,REGULAR_SEASON,,2026-05-30T20:20:41Z,Germany,BL1,Bundesliga,2414,2025-08-22,2026-05-16,5,FC Bayern München,721,RB Leipzig,HOME_TEAM,REGULAR,6,0,3,0
540407,2025-08-23T13:30:00Z,FINISHED,1,REGULAR_SEASON,,2026-05-30T20:20:41Z,Germany,BL1,Bundesliga,2414,2025-08-22,2026-05-16,19,Eintracht Frankfurt,12,SV Werder Bremen,HOME_TEAM,REGULAR,4,1,2,0
540408,2025-08-23T13:30:00Z,FINISHED,1,REGULAR_SEASON,,2026-05-30T20:20:41Z,Germany,BL1,Bundesliga,2414,2025-08-22,2026-05-16,3,Bayer 04 Leverkusen,2,TSG 1899 Hoffenheim,AWAY_TEAM,REGULAR,1,2,1,1
540409,2025-08-23T13:30:00Z,FINISHED,1,REGULAR_SEASON,,2026-05-30T20:20:41Z,Germany,BL1,Bundesliga,2414,2025-08-22,2026-05-16,17,SC Freiburg,16,FC Augsburg,AWAY_TEAM,REGULAR,1,3,0,3
540412,2025-08-23T13:30:00Z,FINISHED,1,REGULAR_SEASON,,2026-05-30T20:20:41Z,Germany,BL1,Bundesliga,2414,2025-08-22,2026-05-16,28,1. FC Union Berlin,10,VfB Stuttgart,HOME_TEAM,REGULAR,2,1,2,0
540414,2025-08-23T13:30:00Z,FINISHED,1,REGULAR_SEASON,,2026-05-30T20:20:41Z,Germany,BL1,Bundesliga,2414,2025-08-22,2026-05-16,44,1. FC Heidenheim 1846,11,VfL Wolfsburg,AWAY_TEAM,REGULAR,1,3,1,1
540413,2025-08-23T16:30:00Z,FINISHED,1,REGULAR_SEASON,,2026-05-30T20:20:41Z,Germany,BL1,Bundesliga,2414,2025-08-22,2026-05-16,20,FC St. Pauli 1910,4,Borussia Dortmund,DRAW,REGULAR,3,3,0,1
540410,2025-08-24T13:30:00Z,FINISHED,1,REGULAR_SEASON,,2026-05-30T20:20:41Z,Germany,BL1,Bundesliga,2414,2025-08-22,2026-05-16,15,1. FSV Mainz 05,1,1. FC Köln,AWAY_TEAM,REGULAR,0,1,0,0
540411,2025-08-24T15:30:00Z,FINISHED,1,REGULAR_SEASON,,2026-05-30T20:20:41Z,Germany,BL1,Bundesliga,2414,2025-08-22,2026-05-16,18,Borussia Mönchengladbach,7,Hamburger SV,DRAW,REGULAR,0,0,0,0
540423,2025-08-29T18:30:00Z,FINISHED,2,REGULAR_SEASON,,2026-05-30T20:20:41Z,Germany,BL1,Bundesliga,2414,2025-08-22,2026-05-16,7,Hamburger SV,20,FC St. Pauli 1910,AWAY_TEAM,REGULAR,0,2,0,1
540416,2025-08-30T13:30:00Z,FINISHED,2,REGULAR_SEASON,,2026-05-30T20:20:41Z,Germany,BL1,Bundesliga,2414,2025-08-22,2026-05-16,721,RB Leipzig,44,1. FC Heidenheim 1846,HOME_TEAM,REGULAR,2,0,0,0
540417,2025-08-30T13:30:00Z,FINISHED,2,REGULAR_SEASON,,2026-05-30T20:20:41Z,Germany,BL1,Bundesliga,2414,2025-08-22,2026-05-16,12,SV Werder Bremen,3,Bayer 04 Leverkusen,DRAW,REGULAR,3,3,1,2
540418,2025-08-30T13:30:00Z,FINISHED,2,REGULAR_SEASON,,2026-05-30T20:20:41Z,Germany,BL1,Bundesliga,2414,2025-08-22,2026-05-16,10,VfB Stuttgart,18,Borussia Mönchengladbach,HOME_TEAM,REGULAR,1,0,0,0
540421,2025-08-30T13:30:00Z,FINISHED,2,REGULAR_SEASON,,2026-05-30T20:20:41Z,Germany,BL1,Bundesliga,2414,2025-08-22,2026-05-16,2,TSG 1899 Hoffenheim,19,Eintracht Frankfurt,AWAY_TEAM,REGULAR,1,3,0,2
540420,2025-08-30T16:30:00Z,FINISHED,2,REGULAR_SEASON,,2026-05-30T20:20:41Z,Germany,BL1,Bundesliga,2414,2025-08-22,2026-05-16,16,FC Augsburg,5,FC Bayern München,AWAY_TEAM,REGULAR,2,3,0,2
540419,2025-08-31T13:30:00Z,FINISHED,2,REGULAR_SEASON,,2026-05-30T20:20:41Z,Germany,BL1,Bundesliga,2414,2025-08-22,2026-05-16,11,VfL Wolfsburg,15,1. FSV Mainz 05,DRAW,REGULAR,1,1,1,0
540415,2025-08-31T15:30:00Z,FINISHED,2,REGULAR_SEASON,,2026-05-30T20:20:41Z,Germany,BL1,Bundesliga,2414,2025-08-22,2026-05-16,4,Borussia Dortmund,28,1. FC Union Berlin,HOME_TEAM,REGULAR,3,0,1,0
540422,2025-08-31T17:30:00Z,FINISHED,2,REGULAR_SEASON,,2026-05-30T20:20:41Z,Germany,BL1,Bundesliga,2414,2025-08-22,2026-05-16,1,1. FC Köln,17,SC Freiburg,HOME_TEAM,REGULAR,4,1,1,0
540425,2025-09-12T18:30:00Z,FINISHED,3,REGULAR_SEASON,,2026-05-30T20:20:41Z,Germany,BL1,Bundesliga,2414,2025-08-22,2026-05-16,3,Bayer 04 Leverkusen,19,Eintracht Frankfurt,HOME_TEAM,REGULAR,3,1,2,0
540426,2025-09-13T13:30:00Z,FINISHED,3,REGULAR_SEASON,,2026-05-30T20:20:41Z,Germany,BL1,Bundesliga,2414,2025-08-22,2026-05-16,17,SC Freiburg,10,VfB Stuttgart,HOME_TEAM,REGULAR,3,1,0,1
540427,2025-09-13T13:30:00Z,FINISHED,3,REGULAR_SEASON,,2026-05-30T20:20:41Z,Germany,BL1,Bundesliga,2414,2025-08-22,2026-05-16,15,1. FSV Mainz 05,721,RB Leipzig,AWAY_TEAM,REGULAR,0,1,0,1
540429,2025-09-13T13:30:00Z,FINISHED,3,REGULAR_SEASON,,2026-05-30T20:20:41Z,Germany,BL1,Bundesliga,2414,2025-08-22,2026-05-16,11,VfL Wolfsburg,1,1. FC Köln,DRAW,REGULAR,3,3,1,1
540430,2025-09-13T13:30:00Z,FINISHED,3,REGULAR_SEASON,,2026-05-30T20:20:41Z,Germany,BL1,Bundesliga,2414,2025-08-22,2026-05-16,28,1. FC Union Berlin,2,TSG 1899 Hoffenheim,AWAY_TEAM,REGULAR,2,4,0,2
540432,2025-09-13T13:30:00Z,FINISHED,3,REGULAR_SEASON,,2026-05-30T20:20:41Z,Germany,BL1,Bundesliga,2414,2025-08-22,2026-05-16,44,1. FC Heidenheim 1846,4,Borussia Dortmund,AWAY_TEAM,REGULAR,0,2,0,2
540424,2025-09-13T16:30:00Z,FINISHED,3,REGULAR_SEASON,,2026-05-30T20:20:41Z,Germany,BL1,Bundesliga,2414,2025-08-22,2026-05-16,5,FC Bayern München,7,Hamburger SV,HOME_TEAM,REGULAR,5,0,4,0
540431,2025-09-14T13:30:00Z,FINISHED,3,REGULAR_SEASON,,2026-05-30T20:20:41Z,Germany,BL1,Bundesliga,2414,2025-08-22,2026-05-16,20,FC St. Pauli 1910,16,FC Augsburg,HOME_TEAM,REGULAR,2,1,1,1
540428,2025-09-14T15:30:00Z,FINISHED,3,REGULAR_SEASON,,2026-05-30T20:20:41Z,Germany,BL1,Bundesliga,2414,2025-08-22,2026-05-16,18,Borussia Mönchengladbach,12,SV Werder Bremen,AWAY_TEAM,REGULAR,0,4,0,2
540438,2025-09-19T18:30:00Z,FINISHED,4,REGULAR_SEASON,,2026-05-30T20:20:41Z,Germany,BL1,Bundesliga,2414,2025-08-22,2026-05-16,10,VfB Stuttgart,20,FC St. Pauli 1910,HOME_TEAM,REGULAR,2,0,1,0
540437,2025-09-20T13:30:00Z,FINISHED,4,REGULAR_SEASON,,2026-05-30T20:20:41Z,Germany,BL1,Bundesliga,2414,2025-08-22,2026-05-16,12,SV Werder Bremen,17,SC Freiburg,AWAY_TEAM,REGULAR,0,3,0,1
540439,2025-09-20T13:30:00Z,FINISHED,4,REGULAR_SEASON,,2026-05-30T20:20:41Z,Germany,BL1,Bundesliga,2414,2025-08-22,2026-05-16,16,FC Augsburg,15,1. FSV Mainz 05,AWAY_TEAM,REGULAR,1,4,0,2
540440,2025-09-20T13:30:00Z,FINISHED,4,REGULAR_SEASON,,2026-05-30T20:20:41Z,Germany,BL1,Bundesliga,2414,2025-08-22,2026-05-16,2,TSG 1899 Hoffenheim,5,FC Bayern München,AWAY_TEAM,REGULAR,1,4,0,1
540441,2025-09-20T13:30:00Z,FINISHED,4,REGULAR_SEASON,,2026-05-30T20:20:41Z,Germany,BL1,Bundesliga,2414,2025-08-22,2026-05-16,7,Hamburger SV,44,1. FC Heidenheim 1846,HOME_TEAM,REGULAR,2,1,1,0
540436,2025-09-20T16:30:00Z,FINISHED,4,REGULAR_SEASON,,2026-05-30T20:20:41Z,Germany,BL1,Bundesliga,2414,2025-08-22,2026-05-16,721,RB Leipzig,1,1. FC Köln,HOME_TEAM,REGULAR,3,1,3,1
540434,2025-09-21T13:30:00Z,FINISHED,4,REGULAR_SEASON,,2026-05-30T20:20:41Z,Germany,BL1,Bundesliga,2414,2025-08-22,2026-05-16,19,Eintracht Frankfurt,28,1. FC Union Berlin,AWAY_TEAM,REGULAR,3,4,1,2
540433,2025-09-21T15:30:00Z,FINISHED,4,REGULAR_SEASON,,2026-05-30T20:20:41Z,Germany,BL1,Bundesliga,2414,2025-08-22,2026-05-16,3,Bayer 04 Leverkusen,18,Borussia Mönchengladbach,DRAW,REGULAR,1,1,0,0
540435,2025-09-21T17:30:00Z,FINISHED,4,REGULAR_SEASON,,2026-05-30T20:20:41Z,Germany,BL1,Bundesliga,2414,2025-08-22,2026-05-16,4,Borussia Dortmund,11,VfL Wolfsburg,HOME_TEAM,REGULAR,1,0,1,0
540442,2025-09-26T18:30:00Z,FINISHED,5,REGULAR_SEASON,,2026-05-30T20:20:41Z,Germany,BL1,Bundesliga,2414,2025-08-22,2026-05-16,5,FC Bayern München,12,SV Werder Bremen,HOME_TEAM,REGULAR,4,0,2,0
540444,2025-09-27T13:30:00Z,FINISHED,5,REGULAR_SEASON,,2026-05-30T20:20:41Z,Germany,BL1,Bundesliga,2414,2025-08-22,2026-05-16,15,1. FSV Mainz 05,4,Borussia Dortmund,AWAY_TEAM,REGULAR,0,2,0,2
540446,2025-09-27T13:30:00Z,FINISHED,5,REGULAR_SEASON,,2026-05-30T20:20:41Z,Germany,BL1,Bundesliga,2414,2025-08-22,2026-05-16,11,VfL Wolfsburg,721,RB Leipzig,AWAY_TEAM,REGULAR,0,1,0,1
540448,2025-09-27T13:30:00Z,FINISHED,5,REGULAR_SEASON,,2026-05-30T20:20:41Z,Germany,BL1,Bundesliga,2414,2025-08-22,2026-05-16,20,FC St. Pauli 1910,3,Bayer 04 Leverkusen,AWAY_TEAM,REGULAR,1,2,1,1
540449,2025-09-27T13:30:00Z,FINISHED,5,REGULAR_SEASON,,2026-05-30T20:20:41Z,Germany,BL1,Bundesliga,2414,2025-08-22,2026-05-16,44,1. FC Heidenheim 1846,16,FC Augsburg,HOME_TEAM,REGULAR,2,1,0,0
540445,2025-09-27T16:30:00Z,FINISHED,5,REGULAR_SEASON,,2026-05-30T20:20:41Z,Germany,BL1,Bundesliga,2414,2025-08-22,2026-05-16,18,Borussia Mönchengladbach,19,Eintracht Frankfurt,AWAY_TEAM,REGULAR,4,6,0,5
540443,2025-09-28T13:30:00Z,FINISHED,5,REGULAR_SEASON,,2026-05-30T20:20:41Z,Germany,BL1,Bundesliga,2414,2025-08-22,2026-05-16,17,SC Freiburg,2,TSG 1899 Hoffenheim,DRAW,REGULAR,1,1,1,1
540450,2025-09-28T15:30:00Z,FINISHED,5,REGULAR_SEASON,,2026-05-30T20:20:41Z,Germany,BL1,Bundesliga,2414,2025-08-22,2026-05-16,1,1. FC Köln,10,VfB Stuttgart,AWAY_TEAM,REGULAR,1,2,1,1
540447,2025-09-28T17:30:00Z,FINISHED,5,REGULAR_SEASON,,2026-05-30T20:20:41Z,Germany,BL1,Bundesliga,2414,2025-08-22,2026-05-16,28,1. FC Union Berlin,7,Hamburger SV,DRAW,REGULAR,0,0,0,0
540458,2025-10-03T18:30:00Z,FINISHED,6,REGULAR_SEASON,,2026-05-30T20:20:41Z,Germany,BL1,Bundesliga,2414,2025-08-22,2026-05-16,2,TSG 1899 Hoffenheim,1,1. FC Köln,AWAY_TEAM,REGULAR,0,1,0,1
540451,2025-10-04T13:30:00Z,FINISHED,6,REGULAR_SEASON,,2026-05-30T20:20:41Z,Germany,BL1,Bundesliga,2414,2025-08-22,2026-05-16,3,Bayer 04 Leverkusen,28,1. FC Union Berlin,HOME_TEAM,REGULAR,2,0,1,0
540453,2025-10-04T13:30:00Z,FINISHED,6,REGULAR_SEASON,,2026-05-30T20:20:41Z,Germany,BL1,Bundesliga,2414,2025-08-22,2026-05-16,4,Borussia Dortmund,721,RB Leipzig,DRAW,REGULAR,1,1,1,1
540454,2025-10-04T13:30:00Z,FINISHED,6,REGULAR_SEASON,,2026-05-30T20:20:41Z,Germany,BL1,Bundesliga,2414,2025-08-22,2026-05-16,12,SV Werder Bremen,20,FC St. Pauli 1910,HOME_TEAM,REGULAR,1,0,1,0
540457,2025-10-04T13:30:00Z,FINISHED,6,REGULAR_SEASON,,2026-05-30T20:20:41Z,Germany,BL1,Bundesliga,2414,2025-08-22,2026-05-16,16,FC Augsburg,11,VfL Wolfsburg,HOME_TEAM,REGULAR,3,1,1,0
540452,2025-10-04T16:30:00Z,FINISHED,6,REGULAR_SEASON,,2026-05-30T20:20:41Z,Germany,BL1,Bundesliga,2414,2025-08-22,2026-05-16,19,Eintracht Frankfurt,5,FC Bayern München,AWAY_TEAM,REGULAR,0,3,0,2
540455,2025-10-05T13:30:00Z,FINISHED,6,REGULAR_SEASON,,2026-05-30T20:20:41Z,Germany,BL1,Bundesliga,2414,2025-08-22,2026-05-16,10,VfB Stuttgart,44,1. FC Heidenheim 1846,HOME_TEAM,REGULAR,1,0,0,0
540459,2025-10-05T15:30:00Z,FINISHED,6,REGULAR_SEASON,,2026-05-30T20:20:41Z,Germany,BL1,Bundesliga,2414,2025-08-22,2026-05-16,7,Hamburger SV,15,1. FSV Mainz 05,HOME_TEAM,REGULAR,4,0,2,0
540456,2025-10-05T17:30:00Z,FINISHED,6,REGULAR_SEASON,,2026-05-30T20:20:41Z,Germany,BL1,Bundesliga,2414,2025-08-22,2026-05-16,18,Borussia Mönchengladbach,17,SC Freiburg,DRAW,REGULAR,0,0,0,0
540465,2025-10-17T18:30:00Z,FINISHED,7,REGULAR_SEASON,,2026-05-30T20:20:41Z,Germany,BL1,Bundesliga,2414,2025-08-22,2026-05-16,28,1. FC Union Berlin,18,Borussia Mönchengladbach,HOME_TEAM,REGULAR,3,1,2,1
540462,2025-10-18T13:30:00Z,FINISHED,7,REGULAR_SEASON,,2026-05-30T20:20:41Z,Germany,BL1,Bundesliga,2414,2025-08-22,2026-05-16,15,1. FSV Mainz 05,3,Bayer 04 Leverkusen,AWAY_TEAM,REGULAR,3,4,1,3
540463,2025-10-18T13:30:00Z,FINISHED,7,REGULAR_SEASON,,2026-05-30T20:20:41Z,Germany,BL1,Bundesliga,2414,2025-08-22,2026-05-16,721,RB Leipzig,7,Hamburger SV,HOME_TEAM,REGULAR,2,1,1,0
540464,2025-10-18T13:30:00Z,FINISHED,7,REGULAR_SEASON,,2026-05-30T20:20:41Z,Germany,BL1,Bundesliga,2414,2025-08-22,2026-05-16,11,VfL Wolfsburg,10,VfB Stuttgart,AWAY_TEAM,REGULAR,0,3,0,1
540467,2025-10-18T13:30:00Z,FINISHED,7,REGULAR_SEASON,,2026-05-30T20:20:41Z,Germany,BL1,Bundesliga,2414,2025-08-22,2026-05-16,44,1. FC Heidenheim 1846,12,SV Werder Bremen,DRAW,REGULAR,2,2,0,0
540468,2025-10-18T13:30:00Z,FINISHED,7,REGULAR_SEASON,,2026-05-30T20:20:41Z,Germany,BL1,Bundesliga,2414,2025-08-22,2026-05-16,1,1. FC Köln,16,FC Augsburg,DRAW,REGULAR,1,1,0,0
540460,2025-10-18T16:30:00Z,FINISHED,7,REGULAR_SEASON,,2026-05-30T20:20:41Z,Germany,BL1,Bundesliga,2414,2025-08-22,2026-05-16,5,FC Bayern München,4,Borussia Dortmund,HOME_TEAM,REGULAR,2,1,1,0
540461,2025-10-19T13:30:00Z,FINISHED,7,REGULAR_SEASON,,2026-05-30T20:20:41Z,Germany,BL1,Bundesliga,2414,2025-08-22,2026-05-16,17,SC Freiburg,19,Eintracht Frankfurt,DRAW,REGULAR,2,2,1,2
540466,2025-10-19T15:30:00Z,FINISHED,7,REGULAR_SEASON,,2026-05-30T20:20:41Z,Germany,BL1,Bundesliga,2414,2025-08-22,2026-05-16,20,FC St. Pauli 1910,2,TSG 1899 Hoffenheim,AWAY_TEAM,REGULAR,0,3,0,0
540472,2025-10-24T18:30:00Z,FINISHED,8,REGULAR_SEASON,,2026-05-30T20:20:41Z,Germany,BL1,Bundesliga,2414,2025-08-22,2026-05-16,12,SV Werder Bremen,28,1. FC Union Berlin,HOME_TEAM,REGULAR,1,0,0,0
540470,2025-10-25T13:30:00Z,FINISHED,8,REGULAR_SEASON,,2026-05-30T20:20:41Z,Germany,BL1,Bundesliga,2414,2025-08-22,2026-05-16,19,Eintracht Frankfurt,20,FC St. Pauli 1910,HOME_TEAM,REGULAR,2,0,1,0
540475,2025-10-25T13:30:00Z,FINISHED,8,REGULAR_SEASON,,2026-05-30T20:20:41Z,Germany,BL1,Bundesliga,2414,2025-08-22,2026-05-16,16,FC Augsburg,721,RB Leipzig,AWAY_TEAM,REGULAR,0,6,0,4
540476,2025-10-25T13:30:00Z,FINISHED,8,REGULAR_SEASON,,2026-05-30T20:20:41Z,Germany,BL1,Bundesliga,2414,2025-08-22,2026-05-16,2,TSG 1899 Hoffenheim,44,1. FC Heidenheim 1846,HOME_TEAM,REGULAR,3,1,2,0
540477,2025-10-25T13:30:00Z,FINISHED,8,REGULAR_SEASON,,2026-05-30T20:20:41Z,Germany,BL1,Bundesliga,2414,2025-08-22,2026-05-16,7,Hamburger SV,11,VfL Wolfsburg,AWAY_TEAM,REGULAR,0,1,0,1
540474,2025-10-25T13:45:00Z,FINISHED,8,REGULAR_SEASON,,2026-05-30T20:20:41Z,Germany,BL1,Bundesliga,2414,2025-08-22,2026-05-16,18,Borussia Mönchengladbach,5,FC Bayern München,AWAY_TEAM,REGULAR,0,3,0,0
540471,2025-10-25T16:30:00Z,FINISHED,8,REGULAR_SEASON,,2026-05-30T20:20:41Z,Germany,BL1,Bundesliga,2414,2025-08-22,2026-05-16,4,Borussia Dortmund,1,1. FC Köln,HOME_TEAM,REGULAR,1,0,0,0
540469,2025-10-26T14:30:00Z,FINISHED,8,REGULAR_SEASON,,2026-05-30T20:20:41Z,Germany,BL1,Bundesliga,2414,2025-08-22,2026-05-16,3,Bayer 04 Leverkusen,17,SC Freiburg,HOME_TEAM,REGULAR,2,0,1,0
540473,2025-10-26T16:30:00Z,FINISHED,8,REGULAR_SEASON,,2026-05-30T20:20:41Z,Germany,BL1,Bundesliga,2414,2025-08-22,2026-05-16,10,VfB Stuttgart,15,1. FSV Mainz 05,HOME_TEAM,REGULAR,2,1,1,1
540482,2025-10-31T19:30:00Z,FINISHED,9,REGULAR_SEASON,,2026-05-30T20:20:41Z,Germany,BL1,Bundesliga,2414,2025-08-22,2026-05-16,16,FC Augsburg,4,Borussia Dortmund,AWAY_TEAM,REGULAR,0,1,0,1
540479,2025-11-01T14:30:00Z,FINISHED,9,REGULAR_SEASON,,2026-05-30T20:20:41Z,Germany,BL1,Bundesliga,2414,2025-08-22,2026-05-16,15,1. FSV Mainz 05,12,SV Werder Bremen,DRAW,REGULAR,1,1,1,0
540480,2025-11-01T14:30:00Z,FINISHED,9,REGULAR_SEASON,,2026-05-30T20:20:41Z,Germany,BL1,Bundesliga,2414,2025-08-22,2026-05-16,721,RB Leipzig,10,VfB Stuttgart,HOME_TEAM,REGULAR,3,1,1,0
540483,2025-11-01T14:30:00Z,FINISHED,9,REGULAR_SEASON,,2026-05-30T20:20:41Z,Germany,BL1,Bundesliga,2414,2025-08-22,2026-05-16,28,1. FC Union Berlin,17,SC Freiburg,DRAW,REGULAR,0,0,0,0
540484,2025-11-01T14:30:00Z,FINISHED,9,REGULAR_SEASON,,2026-05-30T20:20:41Z,Germany,BL1,Bundesliga,2414,2025-08-22,2026-05-16,20,FC St. Pauli 1910,18,Borussia Mönchengladbach,AWAY_TEAM,REGULAR,0,4,0,2
540485,2025-11-01T14:30:00Z,FINISHED,9,REGULAR_SEASON,,2026-05-30T20:20:41Z,Germany,BL1,Bundesliga,2414,2025-08-22,2026-05-16,44,1. FC Heidenheim 1846,19,Eintracht Frankfurt,DRAW,REGULAR,1,1,1,0
540478,2025-11-01T17:30:00Z,FINISHED,9,REGULAR_SEASON,,2026-05-30T20:20:41Z,Germany,BL1,Bundesliga,2414,2025-08-22,2026-05-16,5,FC Bayern München,3,Bayer 04 Leverkusen,HOME_TEAM,REGULAR,3,0,3,0
540486,2025-11-02T14:30:00Z,FINISHED,9,REGULAR_SEASON,,2026-05-30T20:20:41Z,Germany,BL1,Bundesliga,2414,2025-08-22,2026-05-16,1,1. FC Köln,7,Hamburger SV,HOME_TEAM,REGULAR,4,1,1,0
540481,2025-11-02T16:30:00Z,FINISHED,9,REGULAR_SEASON,,2026-05-30T20:20:41Z,Germany,BL1,Bundesliga,2414,2025-08-22,2026-05-16,11,VfL Wolfsburg,2,TSG 1899 Hoffenheim,AWAY_TEAM,REGULAR,2,3,1,1
540490,2025-11-07T19:30:00Z,FINISHED,10,REGULAR_SEASON,,2026-05-30T20:20:41Z,Germany,BL1,Bundesliga,2414,2025-08-22,2026-05-16,12,SV Werder Bremen,11,VfL Wolfsburg,HOME_TEAM,REGULAR,2,1,0,1
540487,2025-11-08T14:30:00Z,FINISHED,10,REGULAR_SEASON,,2026-05-30T20:20:41Z,Germany,BL1,Bundesliga,2414,2025-08-22,2026-05-16,3,Bayer 04 Leverkusen,44,1. FC Heidenheim 1846,HOME_TEAM,REGULAR,6,0,5,0
540493,2025-11-08T14:30:00Z,FINISHED,10,REGULAR_SEASON,,2026-05-30T20:20:41Z,Germany,BL1,Bundesliga,2414,2025-08-22,2026-05-16,28,1. FC Union Berlin,5,FC Bayern München,DRAW,REGULAR,2,2,1,1
540494,2025-11-08T14:30:00Z,FINISHED,10,REGULAR_SEASON,,2026-05-30T20:20:41Z,Germany,BL1,Bundesliga,2414,2025-08-22,2026-05-16,2,TSG 1899 Hoffenheim,721,RB Leipzig,HOME_TEAM,REGULAR,3,1,2,1
540495,2025-11-08T14:30:00Z,FINISHED,10,REGULAR_SEASON,,2026-05-30T20:20:41Z,Germany,BL1,Bundesliga,2414,2025-08-22,2026-05-16,7,Hamburger SV,4,Borussia Dortmund,DRAW,REGULAR,1,1,0,0
540492,2025-11-08T17:30:00Z,FINISHED,10,REGULAR_SEASON,,2026-05-30T20:20:41Z,Germany,BL1,Bundesliga,2414,2025-08-22,2026-05-16,18,Borussia Mönchengladbach,1,1. FC Köln,HOME_TEAM,REGULAR,3,1,1,0
540489,2025-11-09T14:30:00Z,FINISHED,10,REGULAR_SEASON,,2026-05-30T20:20:41Z,Germany,BL1,Bundesliga,2414,2025-08-22,2026-05-16,17,SC Freiburg,20,FC St. Pauli 1910,HOME_TEAM,REGULAR,2,1,1,0
540491,2025-11-09T16:30:00Z,FINISHED,10,REGULAR_SEASON,,2026-05-30T20:20:41Z,Germany,BL1,Bundesliga,2414,2025-08-22,2026-05-16,10,VfB Stuttgart,16,FC Augsburg,HOME_TEAM,REGULAR,3,2,2,2
540488,2025-11-09T18:30:00Z,FINISHED,10,REGULAR_SEASON,,2026-05-30T20:20:41Z,Germany,BL1,Bundesliga,2414,2025-08-22,2026-05-16,19,Eintracht Frankfurt,15,1. FSV Mainz 05,HOME_TEAM,REGULAR,1,0,0,0
540498,2025-11-21T19:30:00Z,FINISHED,11,REGULAR_SEASON,,2026-05-30T20:20:41Z,Germany,BL1,Bundesliga,2414,2025-08-22,2026-05-16,15,1. FSV Mainz 05,2,TSG 1899 Hoffenheim,DRAW,REGULAR,1,1,0,1
540496,2025-11-22T14:30:00Z,FINISHED,11,REGULAR_SEASON,,2026-05-30T20:20:41Z,Germany,BL1,Bundesliga,2414,2025-08-22,2026-05-16,5,FC Bayern München,17,SC Freiburg,HOME_TEAM,REGULAR,6,2,2,2
540497,2025-11-22T14:30:00Z,FINISHED,11,REGULAR_SEASON,,2026-05-30T20:20:41Z,Germany,BL1,Bundesliga,2414,2025-08-22,2026-05-16,4,Borussia Dortmund,10,VfB Stuttgart,DRAW,REGULAR,3,3,2,0
540500,2025-11-22T14:30:00Z,FINISHED,11,REGULAR_SEASON,,2026-05-30T20:20:41Z,Germany,BL1,Bundesliga,2414,2025-08-22,2026-05-16,11,VfL Wolfsburg,3,Bayer 04 Leverkusen,AWAY_TEAM,REGULAR,1,3,0,3
540501,2025-11-22T14:30:00Z,FINISHED,11,REGULAR_SEASON,,2026-05-30T20:20:41Z,Germany,BL1,Bundesliga,2414,2025-08-22,2026-05-16,16,FC Augsburg,7,Hamburger SV,HOME_TEAM,REGULAR,1,0,0,0
540503,2025-11-22T14:30:00Z,FINISHED,11,REGULAR_SEASON,,2026-05-30T20:20:41Z,Germany,BL1,Bundesliga,2414,2025-08-22,2026-05-16,44,1. FC Heidenheim 1846,18,Borussia Mönchengladbach,AWAY_TEAM,REGULAR,0,3,0,1
540504,2025-11-22T17:30:00Z,FINISHED,11,REGULAR_SEASON,,2026-05-30T20:20:41Z,Germany,BL1,Bundesliga,2414,2025-08-22,2026-05-16,1,1. FC Köln,19,Eintracht Frankfurt,AWAY_TEAM,REGULAR,3,4,1,2
540499,2025-11-23T14:30:00Z,FINISHED,11,REGULAR_SEASON,,2026-05-30T20:20:41Z,Germany,BL1,Bundesliga,2414,2025-08-22,2026-05-16,721,RB Leipzig,12,SV Werder Bremen,HOME_TEAM,REGULAR,2,0,0,0
540502,2025-11-23T16:30:00Z,FINISHED,11,REGULAR_SEASON,,2026-05-30T20:20:41Z,Germany,BL1,Bundesliga,2414,2025-08-22,2026-05-16,20,FC St. Pauli 1910,28,1. FC Union Berlin,AWAY_TEAM,REGULAR,0,1,0,1
540510,2025-11-28T19:30:00Z,FINISHED,12,REGULAR_SEASON,,2026-05-30T20:20:41Z,Germany,BL1,Bundesliga,2414,2025-08-22,2026-05-16,18,Borussia Mönchengladbach,721,RB Leipzig,DRAW,REGULAR,0,0,0,0
540505,2025-11-29T14:30:00Z,FINISHED,12,REGULAR_SEASON,,2026-05-30T20:20:41Z,Germany,BL1,Bundesliga,2414,2025-08-22,2026-05-16,5,FC Bayern München,20,FC St. Pauli 1910,HOME_TEAM,REGULAR,3,1,1,1
540509,2025-11-29T14:30:00Z,FINISHED,12,REGULAR_SEASON,,2026-05-30T20:20:41Z,Germany,BL1,Bundesliga,2414,2025-08-22,2026-05-16,12,SV Werder Bremen,1,1. FC Köln,DRAW,REGULAR,1,1,1,0
540511,2025-11-29T14:30:00Z,FINISHED,12,REGULAR_SEASON,,2026-05-30T20:20:41Z,Germany,BL1,Bundesliga,2414,2025-08-22,2026-05-16,28,1. FC Union Berlin,44,1. FC Heidenheim 1846,AWAY_TEAM,REGULAR,1,2,1,0
540512,2025-11-29T14:30:00Z,FINISHED,12,REGULAR_SEASON,,2026-05-30T20:20:41Z,Germany,BL1,Bundesliga,2414,2025-08-22,2026-05-16,2,TSG 1899 Hoffenheim,16,FC Augsburg,HOME_TEAM,REGULAR,3,0,3,0
540506,2025-11-29T17:30:00Z,FINISHED,12,REGULAR_SEASON,,2026-05-30T20:20:41Z,Germany,BL1,Bundesliga,2414,2025-08-22,2026-05-16,3,Bayer 04 Leverkusen,4,Borussia Dortmund,AWAY_TEAM,REGULAR,1,2,0,1
540513,2025-11-30T14:30:00Z,FINISHED,12,REGULAR_SEASON,,2026-05-30T20:20:41Z,Germany,BL1,Bundesliga,2414,2025-08-22,2026-05-16,7,Hamburger SV,10,VfB Stuttgart,HOME_TEAM,REGULAR,2,1,1,0
540507,2025-11-30T16:30:00Z,FINISHED,12,REGULAR_SEASON,,2026-05-30T20:20:41Z,Germany,BL1,Bundesliga,2414,2025-08-22,2026-05-16,19,Eintracht Frankfurt,11,VfL Wolfsburg,DRAW,REGULAR,1,1,0,0
540508,2025-11-30T18:30:00Z,FINISHED,12,REGULAR_SEASON,,2026-05-30T20:20:41Z,Germany,BL1,Bundesliga,2414,2025-08-22,2026-05-16,17,SC Freiburg,15,1. FSV Mainz 05,HOME_TEAM,REGULAR,4,0,2,0
540515,2025-12-05T19:30:00Z,FINISHED,13,REGULAR_SEASON,,2026-05-30T20:20:41Z,Germany,BL1,Bundesliga,2414,2025-08-22,2026-05-16,15,1. FSV Mainz 05,18,Borussia Mönchengladbach,AWAY_TEAM,REGULAR,0,1,0,0
540517,2025-12-06T14:30:00Z,FINISHED,13,REGULAR_SEASON,,2026-05-30T20:20:41Z,Germany,BL1,Bundesliga,2414,2025-08-22,2026-05-16,10,VfB Stuttgart,5,FC Bayern München,AWAY_TEAM,REGULAR,0,5,0,1
540518,2025-12-06T14:30:00Z,FINISHED,13,REGULAR_SEASON,,2026-05-30T20:20:41Z,Germany,BL1,Bundesliga,2414,2025-08-22,2026-05-16,11,VfL Wolfsburg,28,1. FC Union Berlin,HOME_TEAM,REGULAR,3,1,2,0
540519,2025-12-06T14:30:00Z,FINISHED,13,REGULAR_SEASON,,2026-05-30T20:20:41Z,Germany,BL1,Bundesliga,2414,2025-08-22,2026-05-16,44,1. FC Heidenheim 1846,17,SC Freiburg,HOME_TEAM,REGULAR,2,1,0,1
540520,2025-12-06T14:30:00Z,FINISHED,13,REGULAR_SEASON,,2026-05-30T20:20:41Z,Germany,BL1,Bundesliga,2414,2025-08-22,2026-05-16,1,1. FC Köln,20,FC St. Pauli 1910,DRAW,REGULAR,1,1,0,0
540522,2025-12-06T14:30:00Z,FINISHED,13,REGULAR_SEASON,,2026-05-30T20:20:41Z,Germany,BL1,Bundesliga,2414,2025-08-22,2026-05-16,16,FC Augsburg,3,Bayer 04 Leverkusen,HOME_TEAM,REGULAR,2,0,2,0
540516,2025-12-06T17:30:00Z,FINISHED,13,REGULAR_SEASON,,2026-05-30T20:20:41Z,Germany,BL1,Bundesliga,2414,2025-08-22,2026-05-16,721,RB Leipzig,19,Eintracht Frankfurt,HOME_TEAM,REGULAR,6,0,2,0
540521,2025-12-07T14:30:00Z,FINISHED,13,REGULAR_SEASON,,2026-05-30T20:20:41Z,Germany,BL1,Bundesliga,2414,2025-08-22,2026-05-16,7,Hamburger SV,12,SV Werder Bremen,HOME_TEAM,REGULAR,3,2,0,1
540514,2025-12-07T16:30:00Z,FINISHED,13,REGULAR_SEASON,,2026-05-30T20:20:41Z,Germany,BL1,Bundesliga,2414,2025-08-22,2026-05-16,4,Borussia Dortmund,2,TSG 1899 Hoffenheim,HOME_TEAM,REGULAR,2,0,1,0
540529,2025-12-12T19:30:00Z,FINISHED,14,REGULAR_SEASON,,2026-05-30T20:20:41Z,Germany,BL1,Bundesliga,2414,2025-08-22,2026-05-16,28,1. FC Union Berlin,721,RB Leipzig,HOME_TEAM,REGULAR,3,1,0,0
540525,2025-12-13T14:30:00Z,FINISHED,14,REGULAR_SEASON,,2026-05-30T20:20:41Z,Germany,BL1,Bundesliga,2414,2025-08-22,2026-05-16,19,Eintracht Frankfurt,16,FC Augsburg,HOME_TEAM,REGULAR,1,0,0,0
540528,2025-12-13T14:30:00Z,FINISHED,14,REGULAR_SEASON,,2026-05-30T20:20:41Z,Germany,BL1,Bundesliga,2414,2025-08-22,2026-05-16,18,Borussia Mönchengladbach,11,VfL Wolfsburg,AWAY_TEAM,REGULAR,1,3,1,3
540530,2025-12-13T14:30:00Z,FINISHED,14,REGULAR_SEASON,,2026-05-30T20:20:41Z,Germany,BL1,Bundesliga,2414,2025-08-22,2026-05-16,20,FC St. Pauli 1910,44,1. FC Heidenheim 1846,HOME_TEAM,REGULAR,2,1,1,0
540531,2025-12-13T14:30:00Z,FINISHED,14,REGULAR_SEASON,,2026-05-30T20:20:41Z,Germany,BL1,Bundesliga,2414,2025-08-22,2026-05-16,2,TSG 1899 Hoffenheim,7,Hamburger SV,HOME_TEAM,REGULAR,4,1,2,0
540524,2025-12-13T17:30:00Z,FINISHED,14,REGULAR_SEASON,,2026-05-30T20:20:41Z,Germany,BL1,Bundesliga,2414,2025-08-22,2026-05-16,3,Bayer 04 Leverkusen,1,1. FC Köln,HOME_TEAM,REGULAR,2,0,0,0
540526,2025-12-14T14:30:00Z,FINISHED,14,REGULAR_SEASON,,2026-05-30T20:20:41Z,Germany,BL1,Bundesliga,2414,2025-08-22,2026-05-16,17,SC Freiburg,4,Borussia Dortmund,DRAW,REGULAR,1,1,0,1
540523,2025-12-14T16:30:00Z,FINISHED,14,REGULAR_SEASON,,2026-05-30T20:20:41Z,Germany,BL1,Bundesliga,2414,2025-08-22,2026-05-16,5,FC Bayern München,15,1. FSV Mainz 05,DRAW,REGULAR,2,2,1,1
540527,2025-12-14T18:30:00Z,FINISHED,14,REGULAR_SEASON,,2026-05-30T20:20:41Z,Germany,BL1,Bundesliga,2414,2025-08-22,2026-05-16,12,SV Werder Bremen,10,VfB Stuttgart,AWAY_TEAM,REGULAR,0,4,0,2
540532,2025-12-19T19:30:00Z,FINISHED,15,REGULAR_SEASON,,2026-05-30T20:20:41Z,Germany,BL1,Bundesliga,2414,2025-08-22,2026-05-16,4,Borussia Dortmund,18,Borussia Mönchengladbach,HOME_TEAM,REGULAR,2,0,1,0
540535,2025-12-20T14:30:00Z,FINISHED,15,REGULAR_SEASON,,2026-05-30T20:20:41Z,Germany,BL1,Bundesliga,2414,2025-08-22,2026-05-16,10,VfB Stuttgart,2,TSG 1899 Hoffenheim,DRAW,REGULAR,0,0,0,0
540536,2025-12-20T14:30:00Z,FINISHED,15,REGULAR_SEASON,,2026-05-30T20:20:41Z,Germany,BL1,Bundesliga,2414,2025-08-22,2026-05-16,11,VfL Wolfsburg,17,SC Freiburg,AWAY_TEAM,REGULAR,3,4,1,1
540537,2025-12-20T14:30:00Z,FINISHED,15,REGULAR_SEASON,,2026-05-30T20:20:41Z,Germany,BL1,Bundesliga,2414,2025-08-22,2026-05-16,16,FC Augsburg,12,SV Werder Bremen,DRAW,REGULAR,0,0,0,0
540539,2025-12-20T14:30:00Z,FINISHED,15,REGULAR_SEASON,,2026-05-30T20:20:41Z,Germany,BL1,Bundesliga,2414,2025-08-22,2026-05-16,1,1. FC Köln,28,1. FC Union Berlin,AWAY_TEAM,REGULAR,0,1,0,0
540540,2025-12-20T14:30:00Z,FINISHED,15,REGULAR_SEASON,,2026-05-30T20:20:41Z,Germany,BL1,Bundesliga,2414,2025-08-22,2026-05-16,7,Hamburger SV,19,Eintracht Frankfurt,DRAW,REGULAR,1,1,1,1
540534,2025-12-20T17:30:00Z,FINISHED,15,REGULAR_SEASON,,2026-05-30T20:20:41Z,Germany,BL1,Bundesliga,2414,2025-08-22,2026-05-16,721,RB Leipzig,3,Bayer 04 Leverkusen,AWAY_TEAM,REGULAR,1,3,1,2
540533,2025-12-21T14:30:00Z,FINISHED,15,REGULAR_SEASON,,2026-05-30T20:20:41Z,Germany,BL1,Bundesliga,2414,2025-08-22,2026-05-16,15,1. FSV Mainz 05,20,FC St. Pauli 1910,DRAW,REGULAR,0,0,0,0
540538,2025-12-21T16:30:00Z,FINISHED,15,REGULAR_SEASON,,2026-05-30T20:20:41Z,Germany,BL1,Bundesliga,2414,2025-08-22,2026-05-16,44,1. FC Heidenheim 1846,5,FC Bayern München,AWAY_TEAM,REGULAR,0,4,0,2
540543,2026-01-09T19:30:00Z,FINISHED,16,REGULAR_SEASON,,2026-05-30T20:20:41Z,Germany,BL1,Bundesliga,2414,2025-08-22,2026-05-16,19,Eintracht Frankfurt,4,Borussia Dortmund,DRAW,REGULAR,3,3,1,1
540544,2026-01-10T14:30:00Z,FINISHED,16,REGULAR_SEASON,,2026-05-30T20:20:41Z,Germany,BL1,Bundesliga,2414,2025-08-22,2026-05-16,17,SC Freiburg,7,Hamburger SV,HOME_TEAM,REGULAR,2,1,0,0
540547,2026-01-10T14:30:00Z,FINISHED,16,REGULAR_SEASON,,2026-05-30T20:20:41Z,Germany,BL1,Bundesliga,2414,2025-08-22,2026-05-16,28,1. FC Union Berlin,15,1. FSV Mainz 05,DRAW,REGULAR,2,2,0,1
540549,2026-01-10T14:30:00Z,FINISHED,16,REGULAR_SEASON,,2026-05-30T20:20:41Z,Germany,BL1,Bundesliga,2414,2025-08-22,2026-05-16,44,1. FC Heidenheim 1846,1,1. FC Köln,DRAW,REGULAR,2,2,2,1
540542,2026-01-10T17:30:00Z,FINISHED,16,REGULAR_SEASON,,2026-05-30T20:20:41Z,Germany,BL1,Bundesliga,2414,2025-08-22,2026-05-16,3,Bayer 04 Leverkusen,10,VfB Stuttgart,AWAY_TEAM,REGULAR,1,4,0,4
540546,2026-01-11T14:30:00Z,FINISHED,16,REGULAR_SEASON,,2026-05-30T20:20:41Z,Germany,BL1,Bundesliga,2414,2025-08-22,2026-05-16,18,Borussia Mönchengladbach,16,FC Augsburg,HOME_TEAM,REGULAR,4,0,3,0
540541,2026-01-11T16:30:00Z,FINISHED,16,REGULAR_SEASON,,2026-05-30T20:20:41Z,Germany,BL1,Bundesliga,2414,2025-08-22,2026-05-16,5,FC Bayern München,11,VfL Wolfsburg,HOME_TEAM,REGULAR,8,1,2,1
540553,2026-01-13T17:30:00Z,FINISHED,17,REGULAR_SEASON,,2026-05-30T20:20:41Z,Germany,BL1,Bundesliga,2414,2025-08-22,2026-05-16,10,VfB Stuttgart,19,Eintracht Frankfurt,HOME_TEAM,REGULAR,3,2,2,1
540550,2026-01-13T19:30:00Z,FINISHED,17,REGULAR_SEASON,,2026-05-30T20:20:41Z,Germany,BL1,Bundesliga,2414,2025-08-22,2026-05-16,4,Borussia Dortmund,12,SV Werder Bremen,HOME_TEAM,REGULAR,3,0,1,0
540551,2026-01-13T19:30:00Z,FINISHED,17,REGULAR_SEASON,,2026-05-30T20:20:41Z,Germany,BL1,Bundesliga,2414,2025-08-22,2026-05-16,15,1. FSV Mainz 05,44,1. FC Heidenheim 1846,HOME_TEAM,REGULAR,2,1,1,0
540554,2026-01-14T17:30:00Z,FINISHED,17,REGULAR_SEASON,,2026-05-30T20:20:41Z,Germany,BL1,Bundesliga,2414,2025-08-22,2026-05-16,11,VfL Wolfsburg,20,FC St. Pauli 1910,HOME_TEAM,REGULAR,2,1,1,1
540552,2026-01-14T19:30:00Z,FINISHED,17,REGULAR_SEASON,,2026-05-30T20:20:41Z,Germany,BL1,Bundesliga,2414,2025-08-22,2026-05-16,721,RB Leipzig,17,SC Freiburg,HOME_TEAM,REGULAR,2,0,0,0
540556,2026-01-14T19:30:00Z,FINISHED,17,REGULAR_SEASON,,2026-05-30T20:20:41Z,Germany,BL1,Bundesliga,2414,2025-08-22,2026-05-16,2,TSG 1899 Hoffenheim,18,Borussia Mönchengladbach,HOME_TEAM,REGULAR,5,1,4,0
540557,2026-01-14T19:30:00Z,FINISHED,17,REGULAR_SEASON,,2026-05-30T20:20:41Z,Germany,BL1,Bundesliga,2414,2025-08-22,2026-05-16,1,1. FC Köln,5,FC Bayern München,AWAY_TEAM,REGULAR,1,3,1,1
540555,2026-01-15T19:30:00Z,FINISHED,17,REGULAR_SEASON,,2026-05-30T20:20:41Z,Germany,BL1,Bundesliga,2414,2025-08-22,2026-05-16,16,FC Augsburg,28,1. FC Union Berlin,DRAW,REGULAR,1,1,1,0
540560,2026-01-16T19:30:00Z,FINISHED,18,REGULAR_SEASON,,2026-05-30T20:20:41Z,Germany,BL1,Bundesliga,2414,2025-08-22,2026-05-16,12,SV Werder Bremen,19,Eintracht Frankfurt,DRAW,REGULAR,3,3,1,1
540561,2026-01-17T14:30:00Z,FINISHED,18,REGULAR_SEASON,,2026-05-30T20:20:41Z,Germany,BL1,Bundesliga,2414,2025-08-22,2026-05-16,2,TSG 1899 Hoffenheim,3,Bayer 04 Leverkusen,HOME_TEAM,REGULAR,1,0,1,0
540563,2026-01-17T14:30:00Z,FINISHED,18,REGULAR_SEASON,,2026-05-30T20:20:41Z,Germany,BL1,Bundesliga,2414,2025-08-22,2026-05-16,1,1. FC Köln,15,1. FSV Mainz 05,HOME_TEAM,REGULAR,2,1,0,1
540564,2026-01-17T14:30:00Z,FINISHED,18,REGULAR_SEASON,,2026-05-30T20:20:41Z,Germany,BL1,Bundesliga,2414,2025-08-22,2026-05-16,7,Hamburger SV,18,Borussia Mönchengladbach,DRAW,REGULAR,0,0,0,0
540566,2026-01-17T14:30:00Z,FINISHED,18,REGULAR_SEASON,,2026-05-30T20:20:41Z,Germany,BL1,Bundesliga,2414,2025-08-22,2026-05-16,4,Borussia Dortmund,20,FC St. Pauli 1910,HOME_TEAM,REGULAR,3,2,1,0
540567,2026-01-17T14:30:00Z,FINISHED,18,REGULAR_SEASON,,2026-05-30T20:20:41Z,Germany,BL1,Bundesliga,2414,2025-08-22,2026-05-16,11,VfL Wolfsburg,44,1. FC Heidenheim 1846,DRAW,REGULAR,1,1,0,1
540559,2026-01-17T17:30:00Z,FINISHED,18,REGULAR_SEASON,,2026-05-30T20:20:41Z,Germany,BL1,Bundesliga,2414,2025-08-22,2026-05-16,721,RB Leipzig,5,FC Bayern München,AWAY_TEAM,REGULAR,1,5,1,0
540565,2026-01-18T14:30:00Z,FINISHED,18,REGULAR_SEASON,,2026-05-30T20:20:41Z,Germany,BL1,Bundesliga,2414,2025-08-22,2026-05-16,10,VfB Stuttgart,28,1. FC Union Berlin,DRAW,REGULAR,1,1,0,0
540562,2026-01-18T16:30:00Z,FINISHED,18,REGULAR_SEASON,,2026-05-30T20:20:41Z,Germany,BL1,Bundesliga,2414,2025-08-22,2026-05-16,16,FC Augsburg,17,SC Freiburg,DRAW,REGULAR,2,2,0,0
540576,2026-01-23T19:30:00Z,FINISHED,19,REGULAR_SEASON,,2026-05-30T20:20:41Z,Germany,BL1,Bundesliga,2414,2025-08-22,2026-05-16,20,FC St. Pauli 1910,7,Hamburger SV,DRAW,REGULAR,0,0,0,0
540569,2026-01-24T14:30:00Z,FINISHED,19,REGULAR_SEASON,,2026-05-30T20:20:41Z,Germany,BL1,Bundesliga,2414,2025-08-22,2026-05-16,44,1. FC Heidenheim 1846,721,RB Leipzig,AWAY_TEAM,REGULAR,0,3,0,0
540570,2026-01-24T14:30:00Z,FINISHED,19,REGULAR_SEASON,,2026-05-30T20:20:41Z,Germany,BL1,Bundesliga,2414,2025-08-22,2026-05-16,3,Bayer 04 Leverkusen,12,SV Werder Bremen,HOME_TEAM,REGULAR,1,0,1,0
540572,2026-01-24T14:30:00Z,FINISHED,19,REGULAR_SEASON,,2026-05-30T20:20:41Z,Germany,BL1,Bundesliga,2414,2025-08-22,2026-05-16,15,1. FSV Mainz 05,11,VfL Wolfsburg,HOME_TEAM,REGULAR,3,1,0,1
540573,2026-01-24T14:30:00Z,FINISHED,19,REGULAR_SEASON,,2026-05-30T20:20:41Z,Germany,BL1,Bundesliga,2414,2025-08-22,2026-05-16,5,FC Bayern München,16,FC Augsburg,AWAY_TEAM,REGULAR,1,2,1,0
540574,2026-01-24T14:30:00Z,FINISHED,19,REGULAR_SEASON,,2026-05-30T20:20:41Z,Germany,BL1,Bundesliga,2414,2025-08-22,2026-05-16,19,Eintracht Frankfurt,2,TSG 1899 Hoffenheim,AWAY_TEAM,REGULAR,1,3,1,0
540568,2026-01-24T17:30:00Z,FINISHED,19,REGULAR_SEASON,,2026-05-30T20:20:41Z,Germany,BL1,Bundesliga,2414,2025-08-22,2026-05-16,28,1. FC Union Berlin,4,Borussia Dortmund,AWAY_TEAM,REGULAR,0,3,0,1
540571,2026-01-25T14:30:00Z,FINISHED,19,REGULAR_SEASON,,2026-05-30T20:20:41Z,Germany,BL1,Bundesliga,2414,2025-08-22,2026-05-16,18,Borussia Mönchengladbach,10,VfB Stuttgart,AWAY_TEAM,REGULAR,0,3,0,1
540575,2026-01-25T16:30:00Z,FINISHED,19,REGULAR_SEASON,,2026-05-30T20:20:41Z,Germany,BL1,Bundesliga,2414,2025-08-22,2026-05-16,17,SC Freiburg,1,1. FC Köln,HOME_TEAM,REGULAR,2,1,2,1
540545,2026-01-27T19:30:00Z,FINISHED,16,REGULAR_SEASON,,2026-05-30T20:20:41Z,Germany,BL1,Bundesliga,2414,2025-08-22,2026-05-16,12,SV Werder Bremen,2,TSG 1899 Hoffenheim,AWAY_TEAM,REGULAR,0,2,0,1
540548,2026-01-27T19:30:00Z,FINISHED,16,REGULAR_SEASON,,2026-05-30T20:20:41Z,Germany,BL1,Bundesliga,2414,2025-08-22,2026-05-16,20,FC St. Pauli 1910,721,RB Leipzig,DRAW,REGULAR,1,1,0,0
540582,2026-01-30T19:30:00Z,FINISHED,20,REGULAR_SEASON,,2026-05-30T20:20:41Z,Germany,BL1,Bundesliga,2414,2025-08-22,2026-05-16,1,1. FC Köln,11,VfL Wolfsburg,HOME_TEAM,REGULAR,1,0,1,0
540578,2026-01-31T14:30:00Z,FINISHED,20,REGULAR_SEASON,,2026-05-30T20:20:41Z,Germany,BL1,Bundesliga,2414,2025-08-22,2026-05-16,19,Eintracht Frankfurt,3,Bayer 04 Leverkusen,AWAY_TEAM,REGULAR,1,3,0,2
540580,2026-01-31T14:30:00Z,FINISHED,20,REGULAR_SEASON,,2026-05-30T20:20:41Z,Germany,BL1,Bundesliga,2414,2025-08-22,2026-05-16,721,RB Leipzig,15,1. FSV Mainz 05,AWAY_TEAM,REGULAR,1,2,1,1
540581,2026-01-31T14:30:00Z,FINISHED,20,REGULAR_SEASON,,2026-05-30T20:20:41Z,Germany,BL1,Bundesliga,2414,2025-08-22,2026-05-16,12,SV Werder Bremen,18,Borussia Mönchengladbach,DRAW,REGULAR,1,1,0,0
540583,2026-01-31T14:30:00Z,FINISHED,20,REGULAR_SEASON,,2026-05-30T20:20:41Z,Germany,BL1,Bundesliga,2414,2025-08-22,2026-05-16,2,TSG 1899 Hoffenheim,28,1. FC Union Berlin,HOME_TEAM,REGULAR,3,1,2,0
540584,2026-01-31T14:30:00Z,FINISHED,20,REGULAR_SEASON,,2026-05-30T20:20:41Z,Germany,BL1,Bundesliga,2414,2025-08-22,2026-05-16,16,FC Augsburg,20,FC St. Pauli 1910,HOME_TEAM,REGULAR,2,1,1,1
540577,2026-01-31T17:30:00Z,FINISHED,20,REGULAR_SEASON,,2026-05-30T20:20:41Z,Germany,BL1,Bundesliga,2414,2025-08-22,2026-05-16,7,Hamburger SV,5,FC Bayern München,DRAW,REGULAR,2,2,1,1
540579,2026-02-01T14:30:00Z,FINISHED,20,REGULAR_SEASON,,2026-05-30T20:20:41Z,Germany,BL1,Bundesliga,2414,2025-08-22,2026-05-16,10,VfB Stuttgart,17,SC Freiburg,HOME_TEAM,REGULAR,1,0,0,0
540585,2026-02-01T16:30:00Z,FINISHED,20,REGULAR_SEASON,,2026-05-30T20:20:41Z,Germany,BL1,Bundesliga,2414,2025-08-22,2026-05-16,4,Borussia Dortmund,44,1. FC Heidenheim 1846,HOME_TEAM,REGULAR,3,2,1,1
540587,2026-02-06T19:30:00Z,FINISHED,21,REGULAR_SEASON,,2026-05-30T20:20:41Z,Germany,BL1,Bundesliga,2414,2025-08-22,2026-05-16,28,1. FC Union Berlin,19,Eintracht Frankfurt,DRAW,REGULAR,1,1,0,0
540588,2026-02-07T14:30:00Z,FINISHED,21,REGULAR_SEASON,,2026-05-30T20:20:41Z,Germany,BL1,Bundesliga,2414,2025-08-22,2026-05-16,11,VfL Wolfsburg,4,Borussia Dortmund,AWAY_TEAM,REGULAR,1,2,0,1
540590,2026-02-07T14:30:00Z,FINISHED,21,REGULAR_SEASON,,2026-05-30T20:20:41Z,Germany,BL1,Bundesliga,2414,2025-08-22,2026-05-16,17,SC Freiburg,12,SV Werder Bremen,HOME_TEAM,REGULAR,1,0,1,0
540591,2026-02-07T14:30:00Z,FINISHED,21,REGULAR_SEASON,,2026-05-30T20:20:41Z,Germany,BL1,Bundesliga,2414,2025-08-22,2026-05-16,20,FC St. Pauli 1910,10,VfB Stuttgart,HOME_TEAM,REGULAR,2,1,1,0
540592,2026-02-07T14:30:00Z,FINISHED,21,REGULAR_SEASON,,2026-05-30T20:20:41Z,Germany,BL1,Bundesliga,2414,2025-08-22,2026-05-16,15,1. FSV Mainz 05,16,FC Augsburg,HOME_TEAM,REGULAR,2,0,1,0
540594,2026-02-07T14:30:00Z,FINISHED,21,REGULAR_SEASON,,2026-05-30T20:20:41Z,Germany,BL1,Bundesliga,2414,2025-08-22,2026-05-16,44,1. FC Heidenheim 1846,7,Hamburger SV,AWAY_TEAM,REGULAR,0,2,0,1
540586,2026-02-07T17:30:00Z,FINISHED,21,REGULAR_SEASON,,2026-05-30T20:20:41Z,Germany,BL1,Bundesliga,2414,2025-08-22,2026-05-16,18,Borussia Mönchengladbach,3,Bayer 04 Leverkusen,DRAW,REGULAR,1,1,1,1
540589,2026-02-08T14:30:00Z,FINISHED,21,REGULAR_SEASON,,2026-05-30T20:20:41Z,Germany,BL1,Bundesliga,2414,2025-08-22,2026-05-16,1,1. FC Köln,721,RB Leipzig,AWAY_TEAM,REGULAR,1,2,0,1
540593,2026-02-08T16:30:00Z,FINISHED,21,REGULAR_SEASON,,2026-05-30T20:20:41Z,Germany,BL1,Bundesliga,2414,2025-08-22,2026-05-16,5,FC Bayern München,2,TSG 1899 Hoffenheim,HOME_TEAM,REGULAR,5,1,3,1
540597,2026-02-13T19:30:00Z,FINISHED,22,REGULAR_SEASON,,2026-05-30T20:20:41Z,Germany,BL1,Bundesliga,2414,2025-08-22,2026-05-16,4,Borussia Dortmund,15,1. FSV Mainz 05,HOME_TEAM,REGULAR,4,0,3,0
540595,2026-02-14T14:30:00Z,FINISHED,22,REGULAR_SEASON,,2026-05-30T20:20:41Z,Germany,BL1,Bundesliga,2414,2025-08-22,2026-05-16,12,SV Werder Bremen,5,FC Bayern München,AWAY_TEAM,REGULAR,0,3,0,2
540596,2026-02-14T14:30:00Z,FINISHED,22,REGULAR_SEASON,,2026-05-30T20:20:41Z,Germany,BL1,Bundesliga,2414,2025-08-22,2026-05-16,2,TSG 1899 Hoffenheim,17,SC Freiburg,HOME_TEAM,REGULAR,3,0,0,0
540598,2026-02-14T14:30:00Z,FINISHED,22,REGULAR_SEASON,,2026-05-30T20:20:41Z,Germany,BL1,Bundesliga,2414,2025-08-22,2026-05-16,19,Eintracht Frankfurt,18,Borussia Mönchengladbach,HOME_TEAM,REGULAR,3,0,2,0
540600,2026-02-14T14:30:00Z,FINISHED,22,REGULAR_SEASON,,2026-05-30T20:20:41Z,Germany,BL1,Bundesliga,2414,2025-08-22,2026-05-16,7,Hamburger SV,28,1. FC Union Berlin,HOME_TEAM,REGULAR,3,2,2,1
540601,2026-02-14T14:30:00Z,FINISHED,22,REGULAR_SEASON,,2026-05-30T20:20:41Z,Germany,BL1,Bundesliga,2414,2025-08-22,2026-05-16,3,Bayer 04 Leverkusen,20,FC St. Pauli 1910,HOME_TEAM,REGULAR,4,0,2,0
540603,2026-02-14T17:30:00Z,FINISHED,22,REGULAR_SEASON,,2026-05-30T20:20:41Z,Germany,BL1,Bundesliga,2414,2025-08-22,2026-05-16,10,VfB Stuttgart,1,1. FC Köln,HOME_TEAM,REGULAR,3,1,1,0
540602,2026-02-15T14:30:00Z,FINISHED,22,REGULAR_SEASON,,2026-05-30T20:20:41Z,Germany,BL1,Bundesliga,2414,2025-08-22,2026-05-16,16,FC Augsburg,44,1. FC Heidenheim 1846,HOME_TEAM,REGULAR,1,0,0,0
540599,2026-02-15T16:30:00Z,FINISHED,22,REGULAR_SEASON,,2026-05-30T20:20:41Z,Germany,BL1,Bundesliga,2414,2025-08-22,2026-05-16,721,RB Leipzig,11,VfL Wolfsburg,DRAW,REGULAR,2,2,0,0
540612,2026-02-20T19:30:00Z,FINISHED,23,REGULAR_SEASON,,2026-05-30T20:20:41Z,Germany,BL1,Bundesliga,2414,2025-08-22,2026-05-16,15,1. FSV Mainz 05,7,Hamburger SV,DRAW,REGULAR,1,1,1,0
540604,2026-02-21T14:30:00Z,FINISHED,23,REGULAR_SEASON,,2026-05-30T20:20:41Z,Germany,BL1,Bundesliga,2414,2025-08-22,2026-05-16,28,1. FC Union Berlin,3,Bayer 04 Leverkusen,HOME_TEAM,REGULAR,1,0,1,0
540605,2026-02-21T14:30:00Z,FINISHED,23,REGULAR_SEASON,,2026-05-30T20:20:41Z,Germany,BL1,Bundesliga,2414,2025-08-22,2026-05-16,5,FC Bayern München,19,Eintracht Frankfurt,HOME_TEAM,REGULAR,3,2,2,0
540610,2026-02-21T14:30:00Z,FINISHED,23,REGULAR_SEASON,,2026-05-30T20:20:41Z,Germany,BL1,Bundesliga,2414,2025-08-22,2026-05-16,11,VfL Wolfsburg,16,FC Augsburg,AWAY_TEAM,REGULAR,2,3,1,0
540611,2026-02-21T14:30:00Z,FINISHED,23,REGULAR_SEASON,,2026-05-30T20:20:41Z,Germany,BL1,Bundesliga,2414,2025-08-22,2026-05-16,1,1. FC Köln,2,TSG 1899 Hoffenheim,DRAW,REGULAR,2,2,1,1
540606,2026-02-21T17:30:00Z,FINISHED,23,REGULAR_SEASON,,2026-05-30T20:20:41Z,Germany,BL1,Bundesliga,2414,2025-08-22,2026-05-16,721,RB Leipzig,4,Borussia Dortmund,DRAW,REGULAR,2,2,2,0
540609,2026-02-22T14:30:00Z,FINISHED,23,REGULAR_SEASON,,2026-05-30T20:20:41Z,Germany,BL1,Bundesliga,2414,2025-08-22,2026-05-16,17,SC Freiburg,18,Borussia Mönchengladbach,HOME_TEAM,REGULAR,2,1,1,0
540607,2026-02-22T16:30:00Z,FINISHED,23,REGULAR_SEASON,,2026-05-30T20:20:41Z,Germany,BL1,Bundesliga,2414,2025-08-22,2026-05-16,20,FC St. Pauli 1910,12,SV Werder Bremen,HOME_TEAM,REGULAR,2,1,0,0
540608,2026-02-22T18:30:00Z,FINISHED,23,REGULAR_SEASON,,2026-05-30T20:20:41Z,Germany,BL1,Bundesliga,2414,2025-08-22,2026-05-16,44,1. FC Heidenheim 1846,10,VfB Stuttgart,DRAW,REGULAR,3,3,2,2
540621,2026-02-27T19:30:00Z,FINISHED,24,REGULAR_SEASON,,2026-05-30T20:20:41Z,Germany,BL1,Bundesliga,2414,2025-08-22,2026-05-16,16,FC Augsburg,1,1. FC Köln,HOME_TEAM,REGULAR,2,0,0,0
540615,2026-02-28T14:30:00Z,FINISHED,24,REGULAR_SEASON,,2026-05-30T20:20:41Z,Germany,BL1,Bundesliga,2414,2025-08-22,2026-05-16,3,Bayer 04 Leverkusen,15,1. FSV Mainz 05,DRAW,REGULAR,1,1,0,0
540618,2026-02-28T14:30:00Z,FINISHED,24,REGULAR_SEASON,,2026-05-30T20:20:41Z,Germany,BL1,Bundesliga,2414,2025-08-22,2026-05-16,18,Borussia Mönchengladbach,28,1. FC Union Berlin,HOME_TEAM,REGULAR,1,0,0,0
540619,2026-02-28T14:30:00Z,FINISHED,24,REGULAR_SEASON,,2026-05-30T20:20:41Z,Germany,BL1,Bundesliga,2414,2025-08-22,2026-05-16,2,TSG 1899 Hoffenheim,20,FC St. Pauli 1910,AWAY_TEAM,REGULAR,0,1,0,1
540620,2026-02-28T14:30:00Z,FINISHED,24,REGULAR_SEASON,,2026-05-30T20:20:41Z,Germany,BL1,Bundesliga,2414,2025-08-22,2026-05-16,12,SV Werder Bremen,44,1. FC Heidenheim 1846,HOME_TEAM,REGULAR,2,0,0,0
540613,2026-02-28T17:30:00Z,FINISHED,24,REGULAR_SEASON,,2026-05-30T20:20:41Z,Germany,BL1,Bundesliga,2414,2025-08-22,2026-05-16,4,Borussia Dortmund,5,FC Bayern München,AWAY_TEAM,REGULAR,2,3,1,0
540617,2026-03-01T14:30:00Z,FINISHED,24,REGULAR_SEASON,,2026-05-30T20:20:41Z,Germany,BL1,Bundesliga,2414,2025-08-22,2026-05-16,10,VfB Stuttgart,11,VfL Wolfsburg,HOME_TEAM,REGULAR,4,0,3,0
540614,2026-03-01T16:30:00Z,FINISHED,24,REGULAR_SEASON,,2026-05-30T20:20:41Z,Germany,BL1,Bundesliga,2414,2025-08-22,2026-05-16,19,Eintracht Frankfurt,17,SC Freiburg,HOME_TEAM,REGULAR,2,0,0,0
540616,2026-03-01T18:30:00Z,FINISHED,24,REGULAR_SEASON,,2026-05-30T20:20:41Z,Germany,BL1,Bundesliga,2414,2025-08-22,2026-05-16,7,Hamburger SV,721,RB Leipzig,AWAY_TEAM,REGULAR,1,2,1,1
540558,2026-03-04T19:30:00Z,FINISHED,17,REGULAR_SEASON,,2026-05-30T20:20:41Z,Germany,BL1,Bundesliga,2414,2025-08-22,2026-05-16,7,Hamburger SV,3,Bayer 04 Leverkusen,AWAY_TEAM,REGULAR,0,1,0,0
540627,2026-03-06T19:30:00Z,FINISHED,25,REGULAR_SEASON,,2026-05-30T20:20:41Z,Germany,BL1,Bundesliga,2414,2025-08-22,2026-05-16,5,FC Bayern München,18,Borussia Mönchengladbach,HOME_TEAM,REGULAR,4,1,2,0
540622,2026-03-07T14:30:00Z,FINISHED,25,REGULAR_SEASON,,2026-05-30T20:20:41Z,Germany,BL1,Bundesliga,2414,2025-08-22,2026-05-16,17,SC Freiburg,3,Bayer 04 Leverkusen,DRAW,REGULAR,3,3,2,2
540626,2026-03-07T14:30:00Z,FINISHED,25,REGULAR_SEASON,,2026-05-30T20:20:41Z,Germany,BL1,Bundesliga,2414,2025-08-22,2026-05-16,15,1. FSV Mainz 05,10,VfB Stuttgart,DRAW,REGULAR,2,2,1,0
540628,2026-03-07T14:30:00Z,FINISHED,25,REGULAR_SEASON,,2026-05-30T20:20:41Z,Germany,BL1,Bundesliga,2414,2025-08-22,2026-05-16,721,RB Leipzig,16,FC Augsburg,HOME_TEAM,REGULAR,2,1,0,1
540629,2026-03-07T14:30:00Z,FINISHED,25,REGULAR_SEASON,,2026-05-30T20:20:41Z,Germany,BL1,Bundesliga,2414,2025-08-22,2026-05-16,44,1. FC Heidenheim 1846,2,TSG 1899 Hoffenheim,AWAY_TEAM,REGULAR,2,4,0,2
540630,2026-03-07T14:30:00Z,FINISHED,25,REGULAR_SEASON,,2026-05-30T20:20:41Z,Germany,BL1,Bundesliga,2414,2025-08-22,2026-05-16,11,VfL Wolfsburg,7,Hamburger SV,AWAY_TEAM,REGULAR,1,2,1,1
540624,2026-03-07T17:30:00Z,FINISHED,25,REGULAR_SEASON,,2026-05-30T20:20:41Z,Germany,BL1,Bundesliga,2414,2025-08-22,2026-05-16,1,1. FC Köln,4,Borussia Dortmund,AWAY_TEAM,REGULAR,1,2,0,1
540623,2026-03-08T14:30:00Z,FINISHED,25,REGULAR_SEASON,,2026-05-30T20:20:41Z,Germany,BL1,Bundesliga,2414,2025-08-22,2026-05-16,20,FC St. Pauli 1910,19,Eintracht Frankfurt,DRAW,REGULAR,0,0,0,0
540625,2026-03-08T16:30:00Z,FINISHED,25,REGULAR_SEASON,,2026-05-30T20:20:41Z,Germany,BL1,Bundesliga,2414,2025-08-22,2026-05-16,28,1. FC Union Berlin,12,SV Werder Bremen,AWAY_TEAM,REGULAR,1,4,1,2
540637,2026-03-13T19:30:00Z,FINISHED,26,REGULAR_SEASON,,2026-05-30T20:20:41Z,Germany,BL1,Bundesliga,2414,2025-08-22,2026-05-16,18,Borussia Mönchengladbach,20,FC St. Pauli 1910,HOME_TEAM,REGULAR,2,0,1,0
540631,2026-03-14T14:30:00Z,FINISHED,26,REGULAR_SEASON,,2026-05-30T20:20:41Z,Germany,BL1,Bundesliga,2414,2025-08-22,2026-05-16,3,Bayer 04 Leverkusen,5,FC Bayern München,DRAW,REGULAR,1,1,1,0
540634,2026-03-14T14:30:00Z,FINISHED,26,REGULAR_SEASON,,2026-05-30T20:20:41Z,Germany,BL1,Bundesliga,2414,2025-08-22,2026-05-16,2,TSG 1899 Hoffenheim,11,VfL Wolfsburg,DRAW,REGULAR,1,1,0,0
540635,2026-03-14T14:30:00Z,FINISHED,26,REGULAR_SEASON,,2026-05-30T20:20:41Z,Germany,BL1,Bundesliga,2414,2025-08-22,2026-05-16,4,Borussia Dortmund,16,FC Augsburg,HOME_TEAM,REGULAR,2,0,1,0
540638,2026-03-14T14:30:00Z,FINISHED,26,REGULAR_SEASON,,2026-05-30T20:20:41Z,Germany,BL1,Bundesliga,2414,2025-08-22,2026-05-16,19,Eintracht Frankfurt,44,1. FC Heidenheim 1846,HOME_TEAM,REGULAR,1,0,0,0
540639,2026-03-14T17:30:00Z,FINISHED,26,REGULAR_SEASON,,2026-05-30T20:20:41Z,Germany,BL1,Bundesliga,2414,2025-08-22,2026-05-16,7,Hamburger SV,1,1. FC Köln,DRAW,REGULAR,1,1,1,1
540632,2026-03-15T14:30:00Z,FINISHED,26,REGULAR_SEASON,,2026-05-30T20:20:41Z,Germany,BL1,Bundesliga,2414,2025-08-22,2026-05-16,12,SV Werder Bremen,15,1. FSV Mainz 05,AWAY_TEAM,REGULAR,0,2,0,1
540636,2026-03-15T16:30:00Z,FINISHED,26,REGULAR_SEASON,,2026-05-30T20:20:41Z,Germany,BL1,Bundesliga,2414,2025-08-22,2026-05-16,17,SC Freiburg,28,1. FC Union Berlin,AWAY_TEAM,REGULAR,0,1,0,0
540633,2026-03-15T18:30:00Z,FINISHED,26,REGULAR_SEASON,,2026-05-30T20:20:41Z,Germany,BL1,Bundesliga,2414,2025-08-22,2026-05-16,10,VfB Stuttgart,721,RB Leipzig,HOME_TEAM,REGULAR,1,0,0,0
540647,2026-03-20T19:30:00Z,FINISHED,27,REGULAR_SEASON,,2026-05-30T20:20:41Z,Germany,BL1,Bundesliga,2414,2025-08-22,2026-05-16,721,RB Leipzig,2,TSG 1899 Hoffenheim,HOME_TEAM,REGULAR,5,0,4,0
540640,2026-03-21T14:30:00Z,FINISHED,27,REGULAR_SEASON,,2026-05-30T20:20:41Z,Germany,BL1,Bundesliga,2414,2025-08-22,2026-05-16,44,1. FC Heidenheim 1846,3,Bayer 04 Leverkusen,DRAW,REGULAR,3,3,0,2
540643,2026-03-21T14:30:00Z,FINISHED,27,REGULAR_SEASON,,2026-05-30T20:20:41Z,Germany,BL1,Bundesliga,2414,2025-08-22,2026-05-16,11,VfL Wolfsburg,12,SV Werder Bremen,AWAY_TEAM,REGULAR,0,1,0,0
540645,2026-03-21T14:30:00Z,FINISHED,27,REGULAR_SEASON,,2026-05-30T20:20:41Z,Germany,BL1,Bundesliga,2414,2025-08-22,2026-05-16,1,1. FC Köln,18,Borussia Mönchengladbach,DRAW,REGULAR,3,3,2,2
540646,2026-03-21T14:30:00Z,FINISHED,27,REGULAR_SEASON,,2026-05-30T20:20:41Z,Germany,BL1,Bundesliga,2414,2025-08-22,2026-05-16,5,FC Bayern München,28,1. FC Union Berlin,HOME_TEAM,REGULAR,4,0,2,0
540648,2026-03-21T17:30:00Z,FINISHED,27,REGULAR_SEASON,,2026-05-30T20:20:41Z,Germany,BL1,Bundesliga,2414,2025-08-22,2026-05-16,4,Borussia Dortmund,7,Hamburger SV,HOME_TEAM,REGULAR,3,2,0,2
540641,2026-03-22T14:30:00Z,FINISHED,27,REGULAR_SEASON,,2026-05-30T20:20:41Z,Germany,BL1,Bundesliga,2414,2025-08-22,2026-05-16,15,1. FSV Mainz 05,19,Eintracht Frankfurt,HOME_TEAM,REGULAR,2,1,1,1
540642,2026-03-22T16:30:00Z,FINISHED,27,REGULAR_SEASON,,2026-05-30T20:20:41Z,Germany,BL1,Bundesliga,2414,2025-08-22,2026-05-16,20,FC St. Pauli 1910,17,SC Freiburg,AWAY_TEAM,REGULAR,1,2,1,0
540644,2026-03-22T18:30:00Z,FINISHED,27,REGULAR_SEASON,,2026-05-30T20:20:41Z,Germany,BL1,Bundesliga,2414,2025-08-22,2026-05-16,16,FC Augsburg,10,VfB Stuttgart,AWAY_TEAM,REGULAR,2,5,0,3
540649,2026-04-04T13:30:00Z,FINISHED,28,REGULAR_SEASON,,2026-05-30T20:20:41Z,Germany,BL1,Bundesliga,2414,2025-08-22,2026-05-16,17,SC Freiburg,5,FC Bayern München,AWAY_TEAM,REGULAR,2,3,0,0
540651,2026-04-04T13:30:00Z,FINISHED,28,REGULAR_SEASON,,2026-05-30T20:20:41Z,Germany,BL1,Bundesliga,2414,2025-08-22,2026-05-16,2,TSG 1899 Hoffenheim,15,1. FSV Mainz 05,AWAY_TEAM,REGULAR,1,2,1,1
540652,2026-04-04T13:30:00Z,FINISHED,28,REGULAR_SEASON,,2026-05-30T20:20:41Z,Germany,BL1,Bundesliga,2414,2025-08-22,2026-05-16,12,SV Werder Bremen,721,RB Leipzig,AWAY_TEAM,REGULAR,1,2,0,1
540653,2026-04-04T13:30:00Z,FINISHED,28,REGULAR_SEASON,,2026-05-30T20:20:41Z,Germany,BL1,Bundesliga,2414,2025-08-22,2026-05-16,3,Bayer 04 Leverkusen,11,VfL Wolfsburg,HOME_TEAM,REGULAR,6,3,2,3
540654,2026-04-04T13:30:00Z,FINISHED,28,REGULAR_SEASON,,2026-05-30T20:20:41Z,Germany,BL1,Bundesliga,2414,2025-08-22,2026-05-16,7,Hamburger SV,16,FC Augsburg,DRAW,REGULAR,1,1,0,1
540656,2026-04-04T13:30:00Z,FINISHED,28,REGULAR_SEASON,,2026-05-30T20:20:41Z,Germany,BL1,Bundesliga,2414,2025-08-22,2026-05-16,18,Borussia Mönchengladbach,44,1. FC Heidenheim 1846,DRAW,REGULAR,2,2,1,1
540650,2026-04-04T16:30:00Z,FINISHED,28,REGULAR_SEASON,,2026-05-30T20:20:41Z,Germany,BL1,Bundesliga,2414,2025-08-22,2026-05-16,10,VfB Stuttgart,4,Borussia Dortmund,AWAY_TEAM,REGULAR,0,2,0,0
540655,2026-04-05T13:30:00Z,FINISHED,28,REGULAR_SEASON,,2026-05-30T20:20:41Z,Germany,BL1,Bundesliga,2414,2025-08-22,2026-05-16,28,1. FC Union Berlin,20,FC St. Pauli 1910,DRAW,REGULAR,1,1,0,1
540657,2026-04-05T15:30:00Z,FINISHED,28,REGULAR_SEASON,,2026-05-30T20:20:41Z,Germany,BL1,Bundesliga,2414,2025-08-22,2026-05-16,19,Eintracht Frankfurt,1,1. FC Köln,DRAW,REGULAR,2,2,0,0
540665,2026-04-10T18:30:00Z,FINISHED,29,REGULAR_SEASON,,2026-05-30T20:20:41Z,Germany,BL1,Bundesliga,2414,2025-08-22,2026-05-16,16,FC Augsburg,2,TSG 1899 Hoffenheim,DRAW,REGULAR,2,2,2,2
540659,2026-04-11T13:30:00Z,FINISHED,29,REGULAR_SEASON,,2026-05-30T20:20:41Z,Germany,BL1,Bundesliga,2414,2025-08-22,2026-05-16,4,Borussia Dortmund,3,Bayer 04 Leverkusen,AWAY_TEAM,REGULAR,0,1,0,1
540660,2026-04-11T13:30:00Z,FINISHED,29,REGULAR_SEASON,,2026-05-30T20:20:41Z,Germany,BL1,Bundesliga,2414,2025-08-22,2026-05-16,11,VfL Wolfsburg,19,Eintracht Frankfurt,AWAY_TEAM,REGULAR,1,2,0,2
540663,2026-04-11T13:30:00Z,FINISHED,29,REGULAR_SEASON,,2026-05-30T20:20:41Z,Germany,BL1,Bundesliga,2414,2025-08-22,2026-05-16,721,RB Leipzig,18,Borussia Mönchengladbach,HOME_TEAM,REGULAR,1,0,0,0
540664,2026-04-11T13:30:00Z,FINISHED,29,REGULAR_SEASON,,2026-05-30T20:20:41Z,Germany,BL1,Bundesliga,2414,2025-08-22,2026-05-16,44,1. FC Heidenheim 1846,28,1. FC Union Berlin,HOME_TEAM,REGULAR,3,1,2,0
540658,2026-04-11T16:30:00Z,FINISHED,29,REGULAR_SEASON,,2026-05-30T20:20:41Z,Germany,BL1,Bundesliga,2414,2025-08-22,2026-05-16,20,FC St. Pauli 1910,5,FC Bayern München,AWAY_TEAM,REGULAR,0,5,0,1
540662,2026-04-12T13:30:00Z,FINISHED,29,REGULAR_SEASON,,2026-05-30T20:20:41Z,Germany,BL1,Bundesliga,2414,2025-08-22,2026-05-16,1,1. FC Köln,12,SV Werder Bremen,HOME_TEAM,REGULAR,3,1,1,0
540666,2026-04-12T15:30:00Z,FINISHED,29,REGULAR_SEASON,,2026-05-30T20:20:41Z,Germany,BL1,Bundesliga,2414,2025-08-22,2026-05-16,10,VfB Stuttgart,7,Hamburger SV,HOME_TEAM,REGULAR,4,0,2,0
540661,2026-04-12T17:30:00Z,FINISHED,29,REGULAR_SEASON,,2026-05-30T20:20:41Z,Germany,BL1,Bundesliga,2414,2025-08-22,2026-05-16,15,1. FSV Mainz 05,17,SC Freiburg,AWAY_TEAM,REGULAR,0,1,0,0
540673,2026-04-17T18:30:00Z,FINISHED,30,REGULAR_SEASON,,2026-05-30T20:20:41Z,Germany,BL1,Bundesliga,2414,2025-08-22,2026-05-16,20,FC St. Pauli 1910,1,1. FC Köln,DRAW,REGULAR,1,1,0,0
540674,2026-04-18T13:30:00Z,FINISHED,30,REGULAR_SEASON,,2026-05-30T20:20:41Z,Germany,BL1,Bundesliga,2414,2025-08-22,2026-05-16,12,SV Werder Bremen,7,Hamburger SV,HOME_TEAM,REGULAR,3,1,1,1
540675,2026-04-18T13:30:00Z,FINISHED,30,REGULAR_SEASON,,2026-05-30T20:20:41Z,Germany,BL1,Bundesliga,2414,2025-08-22,2026-05-16,3,Bayer 04 Leverkusen,16,FC Augsburg,AWAY_TEAM,REGULAR,1,2,1,1
540667,2026-04-18T13:30:00Z,FINISHED,30,REGULAR_SEASON,,2026-05-30T20:20:41Z,Germany,BL1,Bundesliga,2414,2025-08-22,2026-05-16,2,TSG 1899 Hoffenheim,4,Borussia Dortmund,HOME_TEAM,REGULAR,2,1,1,0
540671,2026-04-18T13:30:00Z,FINISHED,30,REGULAR_SEASON,,2026-05-30T20:20:41Z,Germany,BL1,Bundesliga,2414,2025-08-22,2026-05-16,28,1. FC Union Berlin,11,VfL Wolfsburg,AWAY_TEAM,REGULAR,1,2,0,1
540669,2026-04-18T16:30:00Z,FINISHED,30,REGULAR_SEASON,,2026-05-30T20:20:41Z,Germany,BL1,Bundesliga,2414,2025-08-22,2026-05-16,19,Eintracht Frankfurt,721,RB Leipzig,AWAY_TEAM,REGULAR,1,3,1,1
540672,2026-04-19T13:30:00Z,FINISHED,30,REGULAR_SEASON,,2026-05-30T20:20:41Z,Germany,BL1,Bundesliga,2414,2025-08-22,2026-05-16,17,SC Freiburg,44,1. FC Heidenheim 1846,HOME_TEAM,REGULAR,2,1,1,0
540670,2026-04-19T15:30:00Z,FINISHED,30,REGULAR_SEASON,,2026-05-30T20:20:41Z,Germany,BL1,Bundesliga,2414,2025-08-22,2026-05-16,5,FC Bayern München,10,VfB Stuttgart,HOME_TEAM,REGULAR,4,2,3,1
540668,2026-04-19T17:30:00Z,FINISHED,30,REGULAR_SEASON,,2026-05-30T20:20:41Z,Germany,BL1,Bundesliga,2414,2025-08-22,2026-05-16,18,Borussia Mönchengladbach,15,1. FSV Mainz 05,DRAW,REGULAR,1,1,1,0
540682,2026-04-24T18:30:00Z,FINISHED,31,REGULAR_SEASON,,2026-05-30T20:20:41Z,Germany,BL1,Bundesliga,2414,2025-08-22,2026-05-16,721,RB Leipzig,28,1. FC Union Berlin,HOME_TEAM,REGULAR,3,1,2,0
540676,2026-04-25T13:30:00Z,FINISHED,31,REGULAR_SEASON,,2026-05-30T20:20:41Z,Germany,BL1,Bundesliga,2414,2025-08-22,2026-05-16,15,1. FSV Mainz 05,5,FC Bayern München,AWAY_TEAM,REGULAR,3,4,3,0
540677,2026-04-25T13:30:00Z,FINISHED,31,REGULAR_SEASON,,2026-05-30T20:20:41Z,Germany,BL1,Bundesliga,2414,2025-08-22,2026-05-16,1,1. FC Köln,3,Bayer 04 Leverkusen,AWAY_TEAM,REGULAR,1,2,0,1
540678,2026-04-25T13:30:00Z,FINISHED,31,REGULAR_SEASON,,2026-05-30T20:20:41Z,Germany,BL1,Bundesliga,2414,2025-08-22,2026-05-16,16,FC Augsburg,19,Eintracht Frankfurt,DRAW,REGULAR,1,1,1,0
540681,2026-04-25T13:30:00Z,FINISHED,31,REGULAR_SEASON,,2026-05-30T20:20:41Z,Germany,BL1,Bundesliga,2414,2025-08-22,2026-05-16,11,VfL Wolfsburg,18,Borussia Mönchengladbach,DRAW,REGULAR,0,0,0,0
540683,2026-04-25T13:30:00Z,FINISHED,31,REGULAR_SEASON,,2026-05-30T20:20:41Z,Germany,BL1,Bundesliga,2414,2025-08-22,2026-05-16,44,1. FC Heidenheim 1846,20,FC St. Pauli 1910,HOME_TEAM,REGULAR,2,0,1,0
540684,2026-04-25T16:30:00Z,FINISHED,31,REGULAR_SEASON,,2026-05-30T20:20:41Z,Germany,BL1,Bundesliga,2414,2025-08-22,2026-05-16,7,Hamburger SV,2,TSG 1899 Hoffenheim,AWAY_TEAM,REGULAR,1,2,1,2
540680,2026-04-26T13:30:00Z,FINISHED,31,REGULAR_SEASON,,2026-05-30T20:20:41Z,Germany,BL1,Bundesliga,2414,2025-08-22,2026-05-16,10,VfB Stuttgart,12,SV Werder Bremen,DRAW,REGULAR,1,1,0,1
540679,2026-04-26T15:30:00Z,FINISHED,31,REGULAR_SEASON,,2026-05-30T20:20:41Z,Germany,BL1,Bundesliga,2414,2025-08-22,2026-05-16,4,Borussia Dortmund,17,SC Freiburg,HOME_TEAM,REGULAR,4,0,3,0
540688,2026-05-02T13:30:00Z,FINISHED,32,REGULAR_SEASON,,2026-05-30T20:20:41Z,Germany,BL1,Bundesliga,2414,2025-08-22,2026-05-16,2,TSG 1899 Hoffenheim,10,VfB Stuttgart,DRAW,REGULAR,3,3,2,1
540690,2026-05-02T13:30:00Z,FINISHED,32,REGULAR_SEASON,,2026-05-30T20:20:41Z,Germany,BL1,Bundesliga,2414,2025-08-22,2026-05-16,12,SV Werder Bremen,16,FC Augsburg,AWAY_TEAM,REGULAR,1,3,0,2
540691,2026-05-02T13:30:00Z,FINISHED,32,REGULAR_SEASON,,2026-05-30T20:20:41Z,Germany,BL1,Bundesliga,2414,2025-08-22,2026-05-16,5,FC Bayern München,44,1. FC Heidenheim 1846,DRAW,REGULAR,3,3,1,2
540692,2026-05-02T13:30:00Z,FINISHED,32,REGULAR_SEASON,,2026-05-30T20:20:41Z,Germany,BL1,Bundesliga,2414,2025-08-22,2026-05-16,28,1. FC Union Berlin,1,1. FC Köln,DRAW,REGULAR,2,2,0,1
540693,2026-05-02T13:30:00Z,FINISHED,32,REGULAR_SEASON,,2026-05-30T20:20:41Z,Germany,BL1,Bundesliga,2414,2025-08-22,2026-05-16,19,Eintracht Frankfurt,7,Hamburger SV,AWAY_TEAM,REGULAR,1,2,0,0
540687,2026-05-02T16:30:00Z,FINISHED,32,REGULAR_SEASON,,2026-05-30T20:20:41Z,Germany,BL1,Bundesliga,2414,2025-08-22,2026-05-16,3,Bayer 04 Leverkusen,721,RB Leipzig,HOME_TEAM,REGULAR,4,1,2,0
540686,2026-05-03T13:30:00Z,FINISHED,32,REGULAR_SEASON,,2026-05-30T20:20:41Z,Germany,BL1,Bundesliga,2414,2025-08-22,2026-05-16,20,FC St. Pauli 1910,15,1. FSV Mainz 05,AWAY_TEAM,REGULAR,1,2,0,2
540685,2026-05-03T15:30:00Z,FINISHED,32,REGULAR_SEASON,,2026-05-30T20:20:41Z,Germany,BL1,Bundesliga,2414,2025-08-22,2026-05-16,18,Borussia Mönchengladbach,4,Borussia Dortmund,HOME_TEAM,REGULAR,1,0,0,0
540689,2026-05-03T17:30:00Z,FINISHED,32,REGULAR_SEASON,,2026-05-30T20:20:41Z,Germany,BL1,Bundesliga,2414,2025-08-22,2026-05-16,17,SC Freiburg,11,VfL Wolfsburg,DRAW,REGULAR,1,1,0,0
540696,2026-05-08T18:30:00Z,FINISHED,33,REGULAR_SEASON,,2026-05-30T20:20:41Z,Germany,BL1,Bundesliga,2414,2025-08-22,2026-05-16,4,Borussia Dortmund,19,Eintracht Frankfurt,HOME_TEAM,REGULAR,3,2,2,1
540695,2026-05-09T13:30:00Z,FINISHED,33,REGULAR_SEASON,,2026-05-30T20:20:41Z,Germany,BL1,Bundesliga,2414,2025-08-22,2026-05-16,10,VfB Stuttgart,3,Bayer 04 Leverkusen,HOME_TEAM,REGULAR,3,1,2,1
540698,2026-05-09T13:30:00Z,FINISHED,33,REGULAR_SEASON,,2026-05-30T20:20:41Z,Germany,BL1,Bundesliga,2414,2025-08-22,2026-05-16,2,TSG 1899 Hoffenheim,12,SV Werder Bremen,HOME_TEAM,REGULAR,1,0,1,0
540699,2026-05-09T13:30:00Z,FINISHED,33,REGULAR_SEASON,,2026-05-30T20:20:41Z,Germany,BL1,Bundesliga,2414,2025-08-22,2026-05-16,16,FC Augsburg,18,Borussia Mönchengladbach,HOME_TEAM,REGULAR,3,1,2,0
540701,2026-05-09T13:30:00Z,FINISHED,33,REGULAR_SEASON,,2026-05-30T20:20:41Z,Germany,BL1,Bundesliga,2414,2025-08-22,2026-05-16,721,RB Leipzig,20,FC St. Pauli 1910,HOME_TEAM,REGULAR,2,1,1,0
540694,2026-05-09T16:30:00Z,FINISHED,33,REGULAR_SEASON,,2026-05-30T20:20:41Z,Germany,BL1,Bundesliga,2414,2025-08-22,2026-05-16,11,VfL Wolfsburg,5,FC Bayern München,AWAY_TEAM,REGULAR,0,1,0,0
540697,2026-05-10T13:30:00Z,FINISHED,33,REGULAR_SEASON,,2026-05-30T20:20:41Z,Germany,BL1,Bundesliga,2414,2025-08-22,2026-05-16,7,Hamburger SV,17,SC Freiburg,HOME_TEAM,REGULAR,3,2,1,1
540702,2026-05-10T15:30:00Z,FINISHED,33,REGULAR_SEASON,,2026-05-30T20:20:41Z,Germany,BL1,Bundesliga,2414,2025-08-22,2026-05-16,1,1. FC Köln,44,1. FC Heidenheim 1846,AWAY_TEAM,REGULAR,1,3,1,2
540700,2026-05-10T17:30:00Z,FINISHED,33,REGULAR_SEASON,,2026-05-30T20:20:41Z,Germany,BL1,Bundesliga,2414,2025-08-22,2026-05-16,15,1. FSV Mainz 05,28,1. FC Union Berlin,AWAY_TEAM,REGULAR,1,3,0,1
540703,2026-05-16T13:30:00Z,FINISHED,34,REGULAR_SEASON,,2026-05-30T20:20:41Z,Germany,BL1,Bundesliga,2414,2025-08-22,2026-05-16,12,SV Werder Bremen,4,Borussia Dortmund,AWAY_TEAM,REGULAR,0,2,0,0
540704,2026-05-16T13:30:00Z,FINISHED,34,REGULAR_SEASON,,2026-05-30T20:20:41Z,Germany,BL1,Bundesliga,2414,2025-08-22,2026-05-16,44,1. FC Heidenheim 1846,15,1. FSV Mainz 05,AWAY_TEAM,REGULAR,0,2,0,2
540705,2026-05-16T13:30:00Z,FINISHED,34,REGULAR_SEASON,,2026-05-30T20:20:41Z,Germany,BL1,Bundesliga,2414,2025-08-22,2026-05-16,17,SC Freiburg,721,RB Leipzig,HOME_TEAM,REGULAR,4,1,2,1
540706,2026-05-16T13:30:00Z,FINISHED,34,REGULAR_SEASON,,2026-05-30T20:20:41Z,Germany,BL1,Bundesliga,2414,2025-08-22,2026-05-16,19,Eintracht Frankfurt,10,VfB Stuttgart,DRAW,REGULAR,2,2,0,2
540707,2026-05-16T13:30:00Z,FINISHED,34,REGULAR_SEASON,,2026-05-30T20:20:41Z,Germany,BL1,Bundesliga,2414,2025-08-22,2026-05-16,20,FC St. Pauli 1910,11,VfL Wolfsburg,AWAY_TEAM,REGULAR,1,3,0,1
540708,2026-05-16T13:30:00Z,FINISHED,34,REGULAR_SEASON,,2026-05-30T20:20:41Z,Germany,BL1,Bundesliga,2414,2025-08-22,2026-05-16,28,1. FC Union Berlin,16,FC Augsburg,HOME_TEAM,REGULAR,4,0,2,0
540709,2026-05-16T13:30:00Z,FINISHED,34,REGULAR_SEASON,,2026-05-30T20:20:41Z,Germany,BL1,Bundesliga,2414,2025-08-22,2026-05-16,18,Borussia Mönchengladbach,2,TSG 1899 Hoffenheim,HOME_TEAM,REGULAR,4,0,2,0
540710,2026-05-16T13:30:00Z,FINISHED,34,REGULAR_SEASON,,2026-05-30T20:20:41Z,Germany,BL1,Bundesliga,2414,2025-08-22,2026-05-16,5,FC Bayern München,1,1. FC Köln,HOME_TEAM,REGULAR,5,1,3,1
540711,2026-05-16T13:30:00Z,FINISHED,34,REGULAR_SEASON,,2026-05-30T20:20:41Z,Germany,BL1,Bundesliga,2414,2025-08-22,2026-05-16,3,Bayer 04 Leverkusen,7,Hamburger SV,DRAW,REGULAR,1,1,0,0
